id,enrollment_id ,First Name,Middle Initial,Last Name,Roll,class_section, Name,Father's Name,Phone No. ,E Mail,Status,"Place Name,City Pin Code: Zip",0,"insert into student_school values(id,enrollment_id ,Roll,class_section,' Name','Father's Name',Phone No. ,'E Mail','Status','Place Name,City Pin Code: Zip')",Weight in Kgs.,Date of Joining,Quarter of Joining,Half of Joining,Year of Joining,,Month Name of Joining,Short Month,Day of Joining,DOW of Joining,Short DOW,Age in Company (Years),Salary,Last % Hike,SSN,,Place Name,County,City,State,Zip,Region,User Name,Password
1,677509,Lois,H,Walker,1,1,Lois Walker,Donald Walker,3035728492,lois.walker@hotmail.com,y,"Denver,Denver Pin Code: 80224",1,"insert into student_school values(1,677509,1,1,'Lois Walker','Donald Walker',3035728492,'lois.walker@hotmail.com','y','Denver,Denver Pin Code: 80224')",60,11/24/2003,Q4,H2,2003,,November,Nov,24,Monday,Mon,13.68,168251,21%,467994677,,Denver,Denver,Denver,CO,80224,West,lhwalker,DCa}.T}X:v?NP
2,940761,Brenda,S,Robinson,1,2,Brenda Robinson,Raymond Robinson,2259454954,brenda.robinson@gmail.com,y,"Stonewall,Stonewall Pin Code: 71078",2,"insert into student_school values(2,940761,1,2,'Brenda Robinson','Raymond Robinson',2259454954,'brenda.robinson@gmail.com','y','Stonewall,Stonewall Pin Code: 71078')",60,7/27/2008,Q3,H2,2008,,July,Jul,27,Sunday,Sun,9.01,51063,27%,537714566,,Stonewall,De Soto,Stonewall,LA,71078,South,bsrobinson,TCo\j#Zg;SQ~o
3,428945,Joe,W,Robinson,1,3,Joe Robinson,Scott Robinson,2199042161,joe.robinson@gmail.com,y,"Michigantown,Michigantown Pin Code: 46057",3,"insert into student_school values(3,428945,1,3,'Joe Robinson','Scott Robinson',2199042161,'joe.robinson@gmail.com','y','Michigantown,Michigantown Pin Code: 46057')",68,###############################################################################################################################################################################################################################################################,Q3,H2,2016,,August,Aug,3,Wednesday,Wed,0.98,50155,16%,25923584,,Michigantown,Clinton,Michigantown,IN,46057,Midwest,jwrobinson,GO4$J8MiEh[A
4,408351,Diane,I,Evans,1,4,Diane Evans,Jason Evans,2157936791,diane.evans@yahoo.com,y,"Hydetown,Hydetown Pin Code: 16328",4,"insert into student_school values(4,408351,1,4,'Diane Evans','Jason Evans',2157936791,'diane.evans@yahoo.com','y','Hydetown,Hydetown Pin Code: 16328')",51,4/16/1999,Q2,H1,1999,,April,Apr,16,Friday,Fri,18.3,180294,1%,314359851,,Hydetown,Crawford,Hydetown,PA,16328,Northeast,dievans,0gGRtp1HfL<r5
5,193819,Benjamin,R,Russell,1,5,Benjamin Russell,Gregory Russell,2624042252,benjamin.russell@charter.net,y,"Fremont,Fremont Pin Code: 54940",5,"insert into student_school values(5,193819,1,5,'Benjamin Russell','Gregory Russell',2624042252,'benjamin.russell@charter.net','y','Fremont,Fremont Pin Code: 54940')",58,7/25/2013,Q3,H2,2013,,July,Jul,25,Thursday,Thu,4.01,117642,13%,121987248,,Fremont,Waupaca,Fremont,WI,54940,Midwest,brrussell,Rd<Y8cp!@R;*%F
6,499687,Patrick,F,Bailey,1,6,Patrick Bailey,Ralph Bailey,3198126957,patrick.bailey@aol.com,y,"Macksburg,Macksburg Pin Code: 50155",6,"insert into student_school values(6,499687,1,6,'Patrick Bailey','Ralph Bailey',3198126957,'patrick.bailey@aol.com','y','Macksburg,Macksburg Pin Code: 50155')",58,7/22/2005,Q3,H2,2005,,July,Jul,22,Friday,Fri,12.02,72305,5%,439997721,,Macksburg,Madison,Macksburg,IA,50155,Midwest,pfbailey,K7&5aY/*
7,539712,Nancy,T,Baker,1,7,Nancy Baker,Scott Baker,2293365117,nancy.baker@bp.com,y,"Atlanta,Atlanta Pin Code: 30334",7,"insert into student_school values(7,539712,1,7,'Nancy Baker','Scott Baker',2293365117,'nancy.baker@bp.com','y','Atlanta,Atlanta Pin Code: 30334')",50,9/14/2016,Q3,H2,2016,,September,Sep,14,Wednesday,Wed,0.87,98189,0%,641292071,,Atlanta,Fulton,Atlanta,GA,30334,South,ntbaker,xJdKlAcYQhT_BE#
8,380086,Carol,V,Murphy,1,8,Carol Murphy,Eugene Murphy,2163360009,carol.murphy@gmail.com,y,"Blanchester,Blanchester Pin Code: 45107",8,"insert into student_school values(8,380086,1,8,'Carol Murphy','Eugene Murphy',2163360009,'carol.murphy@gmail.com','y','Blanchester,Blanchester Pin Code: 45107')",40,1/28/1983,Q1,H1,1983,,January,Jan,28,Friday,Fri,34.52,60918,20%,423677023,,Blanchester,Clinton,Blanchester,OH,45107,Midwest,cvmurphy,Uc+VG%vuZU<k
9,477616,Frances,B,Young,1,9,Frances Young,Fred Young,2108199765,frances.young@gmail.com,y,"Delmita,Delmita Pin Code: 78536",9,"insert into student_school values(9,477616,1,9,'Frances Young','Fred Young',2108199765,'frances.young@gmail.com','y','Delmita,Delmita Pin Code: 78536')",42,4/27/1994,Q2,H1,1994,,April,Apr,27,Wednesday,Wed,23.27,121587,28%,28928912,,Delmita,Starr,Delmita,TX,78536,South,fbyoung,K}^USc0l7[A
10,162402,Diana,T,Peterson,1,10,Diana Peterson,Jonathan Peterson,4797835656,diana.peterson@hotmail.co.uk,y,"Eureka Springs,Eureka Springs Pin Code: 72632",10,"insert into student_school values(10,162402,1,10,'Diana Peterson','Jonathan Peterson',4797835656,'diana.peterson@hotmail.co.uk','y','Eureka Springs,Eureka Springs Pin Code: 72632')",60,2/17/2014,Q1,H1,2014,,February,Feb,17,Monday,Mon,3.44,43010,4%,512336767,,Eureka Springs,Carroll,Eureka Springs,AR,72632,South,dtpeterson,3o8>v&tYxjyEAo
11,231469,Ralph,L,Flores,1,11,Ralph Flores,Terry Flores,3162802864,ralph.flores@yahoo.com,y,"Sabetha,Sabetha Pin Code: 66534",11,"insert into student_school values(11,231469,1,11,'Ralph Flores','Terry Flores',3162802864,'ralph.flores@yahoo.com','y','Sabetha,Sabetha Pin Code: 66534')",80,4/14/2009,Q2,H1,2009,,April,Apr,14,Tuesday,Tue,8.29,118457,8%,302150130,,Sabetha,Nemaha,Sabetha,KS,66534,Midwest,rlflores,7tP\LrSr}\qTqj
12,153989,Jack,C,Alexander,1,12,Jack Alexander,Samuel Alexander,7026033769,jack.alexander@gmail.com,y,"Las Vegas,Las Vegas Pin Code: 89170",12,"insert into student_school values(12,153989,1,12,'Jack Alexander','Samuel Alexander',7026033769,'jack.alexander@gmail.com','y','Las Vegas,Las Vegas Pin Code: 89170')",61,27-04-4780,Q1,H1,2017,,January,Jan,5,Thursday,Thu,0.56,82965,23%,428999413,,Las Vegas,Clark,Las Vegas,NV,89170,West,jcalexander,9L*O1U.9mSUSh
13,386158,Melissa,Q,King,1,13,Melissa King,Philip King,2166053731,melissa.king@comcast.net,y,"New Matamoras,New Matamoras Pin Code: 45767",13,"insert into student_school values(13,386158,1,13,'Melissa King','Philip King',2166053731,'melissa.king@comcast.net','y','New Matamoras,New Matamoras Pin Code: 45767')",55,11/24/2015,Q4,H2,2015,,November,Nov,24,Tuesday,Tue,1.68,166892,1%,277179106,,New Matamoras,Washington,New Matamoras,OH,45767,Midwest,mqking,FE5i<eY}[4f78
14,301576,Wayne,G,Watson,2,1,Wayne Watson,Ronald Watson,7012319370,wayne.watson@gmail.com,y,"Maida,Maida Pin Code: 58255",14,"insert into student_school values(14,301576,2,1,'Wayne Watson','Ronald Watson',7012319370,'wayne.watson@gmail.com','y','Maida,Maida Pin Code: 58255')",87,7/19/2017,Q3,H2,2017,,July,Jul,19,Wednesday,Wed,0.02,92758,14%,11946649,,Maida,Cavalier,Maida,ND,58255,Midwest,wgwatson,wM4J{]&j\eGc
15,441771,Cheryl,O,Scott,2,2,Cheryl Scott,Richard Scott,2152889345,cheryl.scott@gmail.com,y,"Quecreek,Quecreek Pin Code: 15555",15,"insert into student_school values(15,441771,2,2,'Cheryl Scott','Richard Scott',2152889345,'cheryl.scott@gmail.com','y','Quecreek,Quecreek Pin Code: 15555')",47,11/26/1990,Q4,H2,1990,,November,Nov,26,Monday,Mon,26.69,92220,12%,596942279,,Quecreek,Somerset,Quecreek,PA,15555,Northeast,coscott,Vbb+~2N|_yR
16,528509,Paula,G,Diaz,2,3,Paula Diaz,Alan Diaz,2525317641,paula.diaz@gmail.com,y,"Beulaville,Beulaville Pin Code: 28518",16,"insert into student_school values(16,528509,2,3,'Paula Diaz','Alan Diaz',2525317641,'paula.diaz@gmail.com','y','Beulaville,Beulaville Pin Code: 28518')",42,8/22/1994,Q3,H2,1994,,August,Aug,22,Monday,Mon,22.95,152654,8%,234577671,,Beulaville,Duplin,Beulaville,NC,28518,South,pgdiaz,3Kg55luU
17,912990,Joshua,T,Stewart,2,4,Joshua Stewart,Todd Stewart,2172799342,joshua.stewart@yahoo.ca,y,"New Douglas,New Douglas Pin Code: 62074",17,"insert into student_school values(17,912990,2,4,'Joshua Stewart','Todd Stewart',2172799342,'joshua.stewart@yahoo.ca','y','New Douglas,New Douglas Pin Code: 62074')",68,###############################################################################################################################################################################################################################################################,Q3,H2,2002,,September,Sep,2,Monday,Mon,14.91,184896,1%,755073676,,New Douglas,Madison,New Douglas,IL,62074,Midwest,jtstewart,K?vi9BBznj
18,214352,Theresa,G,Lee,2,5,Theresa Lee,John Lee,3195538919,theresa.lee@gmail.com,y,"Toeterville,Toeterville Pin Code: 50481",18,"insert into student_school values(18,214352,2,5,'Theresa Lee','John Lee',3195538919,'theresa.lee@gmail.com','y','Toeterville,Toeterville Pin Code: 50481')",59,1/19/2015,Q1,H1,2015,,January,Jan,19,Monday,Mon,2.52,197537,1%,55029969,,Toeterville,Mitchell,Toeterville,IA,50481,Midwest,tglee,JS#hN&Xij\%QEr
19,890290,Julia,S,Scott,2,6,Julia Scott,Lawrence Scott,4239391010,julia.scott@apple.com,y,"Primm Springs,Primm Springs Pin Code: 38476",19,"insert into student_school values(19,890290,2,6,'Julia Scott','Lawrence Scott',4239391010,'julia.scott@apple.com','y','Primm Springs,Primm Springs Pin Code: 38476')",56,2/23/2005,Q1,H1,2005,,February,Feb,23,Wednesday,Wed,12.43,141518,3%,251991941,,Primm Springs,Hickman,Primm Springs,TN,38476,South,jsscott,r.:Q7c^Tpb
20,622406,Thomas,Q,Lewis,2,7,Thomas Lewis,Ryan Lewis,3146793697,thomas.lewis@gmail.com,y,"Dutchtown,Dutchtown Pin Code: 63745",20,"insert into student_school values(20,622406,2,7,'Thomas Lewis','Ryan Lewis',3146793697,'thomas.lewis@gmail.com','y','Dutchtown,Dutchtown Pin Code: 63745')",73,###############################################################################################################################################################################################################################################################,Q2,H1,1998,,June,Jun,7,Sunday,Sun,19.15,73862,3%,467992604,,Dutchtown,Cape Girardeau,Dutchtown,MO,63745,Midwest,tqlewis,y;OJd_Oa#4g|!G
21,979607,Carol,J,Edwards,2,8,Carol Edwards,Shawn Edwards,2252834295,carol.edwards@msn.com,y,"Shreveport,Shreveport Pin Code: 71162",21,"insert into student_school values(21,979607,2,8,'Carol Edwards','Shawn Edwards',2252834295,'carol.edwards@msn.com','y','Shreveport,Shreveport Pin Code: 71162')",56,4/25/2016,Q2,H1,2016,,April,Apr,25,Monday,Mon,1.26,93967,30%,316359870,,Shreveport,Caddo,Shreveport,LA,71162,South,cjedwards,wi>va9gt
22,969580,Matthew,L,Turner,2,9,Matthew Turner,Jose Turner,2369727624,matthew.turner@gmail.com,y,"Heathsville,Heathsville Pin Code: 22473",22,"insert into student_school values(22,969580,2,9,'Matthew Turner','Jose Turner',2369727624,'matthew.turner@gmail.com','y','Heathsville,Heathsville Pin Code: 22473')",56,25-12-7572,Q1,H1,2016,,February,Feb,7,Sunday,Sun,1.47,52237,9%,598921988,,Heathsville,Northumberland,Heathsville,VA,22473,South,mlturner,I>tL>d[|lZdi_|^
23,426038,Joan,C,Stewart,2,10,Joan Stewart,Charles Stewart,2166376800,joan.stewart@yahoo.com,y,"Middleport,Middleport Pin Code: 45760",23,"insert into student_school values(23,426038,2,10,'Joan Stewart','Charles Stewart',2166376800,'joan.stewart@yahoo.com','y','Middleport,Middleport Pin Code: 45760')",56,12/30/2009,Q4,H2,2009,,December,Dec,30,Wednesday,Wed,7.58,111673,12%,429996443,,Middleport,Meigs,Middleport,OH,45760,Midwest,jcstewart,q@mq.U~D#1MPgZ
24,388642,Ruby,R,Rogers,2,11,Ruby Rogers,Ronald Rogers,4232316507,ruby.rogers@gmail.com,y,"Woodbury,Woodbury Pin Code: 37190",24,"insert into student_school values(24,388642,2,11,'Ruby Rogers','Ronald Rogers',4232316507,'ruby.rogers@gmail.com','y','Woodbury,Woodbury Pin Code: 37190')",59,8/30/2013,Q3,H2,2013,,August,Aug,30,Friday,Fri,3.91,160623,9%,236550172,,Woodbury,Cannon,Woodbury,TN,37190,South,rrrogers,t>#P@D9s<:9\V
25,560455,Carolyn,V,Hayes,2,12,Carolyn Hayes,Jimmy Hayes,2398828784,carolyn.hayes@hotmail.co.uk,y,"Saint Cloud,Saint Cloud Pin Code: 34771",25,"insert into student_school values(25,560455,2,12,'Carolyn Hayes','Jimmy Hayes',2398828784,'carolyn.hayes@hotmail.co.uk','y','Saint Cloud,Saint Cloud Pin Code: 34771')",53,###############################################################################################################################################################################################################################################################,Q3,H2,2001,,July,Jul,3,Tuesday,Tue,16.08,42005,14%,730281350,,Saint Cloud,Osceola,Saint Cloud,FL,34771,South,cvhayes,NY!Y2sw.[_vQ9{
26,477253,Anne,L,Russell,2,13,Anne Russell,Jimmy Russell,6056351306,anne.russell@ibm.com,y,"Stockholm,Stockholm Pin Code: 57264",26,"insert into student_school values(26,477253,2,13,'Anne Russell','Jimmy Russell',6056351306,'anne.russell@ibm.com','y','Stockholm,Stockholm Pin Code: 57264')",60,11/24/2013,Q4,H2,2013,,November,Nov,24,Sunday,Sun,3.68,103160,29%,456995619,,Stockholm,Grant,Stockholm,SD,57264,Midwest,alrussell,c8Nk&Y^~Vz!2
27,263480,Daniel,K,Cooper,3,1,Daniel Cooper,Louis Cooper,7015108162,daniel.cooper@yahoo.com,y,"Manning,Manning Pin Code: 58642",27,"insert into student_school values(27,263480,3,1,'Daniel Cooper','Louis Cooper',7015108162,'daniel.cooper@yahoo.com','y','Manning,Manning Pin Code: 58642')",60,###############################################################################################################################################################################################################################################################,Q1,H1,2014,,March,Mar,6,Thursday,Thu,3.4,153790,13%,181862024,,Manning,Dunn,Manning,ND,58642,Midwest,dkcooper,d8p{Pwx2fsW0Z
28,683826,Roger,L,Roberts,3,2,Roger Roberts,Antonio Roberts,2064973141,roger.roberts@gmail.com,y,"Mount Vernon,Mount Vernon Pin Code: 98273",28,"insert into student_school values(28,683826,3,2,'Roger Roberts','Antonio Roberts',2064973141,'roger.roberts@gmail.com','y','Mount Vernon,Mount Vernon Pin Code: 98273')",77,1/29/2009,Q1,H1,2009,,January,Jan,29,Thursday,Thu,8.5,129625,12%,120986493,,Mount Vernon,Skagit,Mount Vernon,WA,98273,West,rlroberts,41:C_0ik|Jb0iTO
29,474599,Maria,W,Walker,3,3,Maria Walker,Ralph Walker,4236685506,maria.walker@microsoft.com,y,"Lawrenceburg,Lawrenceburg Pin Code: 38464",29,"insert into student_school values(29,474599,3,3,'Maria Walker','Ralph Walker',4236685506,'maria.walker@microsoft.com','y','Lawrenceburg,Lawrenceburg Pin Code: 38464')",41,###############################################################################################################################################################################################################################################################,Q4,H2,1998,,October,Oct,1,Thursday,Thu,18.84,48944,21%,447273175,,Lawrenceburg,Lawrence,Lawrenceburg,TN,38464,South,mwwalker,cw?%U}s{?
30,335732,Brenda,M,Butler,3,4,Brenda Butler,Phillip Butler,4808148284,brenda.butler@gmail.com,y,"Mesa,Mesa Pin Code: 85208",30,"insert into student_school values(30,335732,3,4,'Brenda Butler','Phillip Butler',4808148284,'brenda.butler@gmail.com','y','Mesa,Mesa Pin Code: 85208')",41,8/20/1987,Q3,H2,1987,,August,Aug,20,Thursday,Thu,29.96,60508,29%,282156434,,Mesa,Maricopa,Mesa,AZ,85208,West,bmbutler,u+CtpZ~gyR*>
31,329752,Lillian,X,Brown,3,5,Lillian Brown,Gary Brown,2398129041,lillian.brown@aol.com,y,"Panacea,Panacea Pin Code: 32346",31,"insert into student_school values(31,329752,3,5,'Lillian Brown','Gary Brown',2398129041,'lillian.brown@aol.com','y','Panacea,Panacea Pin Code: 32346')",49,4/13/2015,Q2,H1,2015,,April,Apr,13,Monday,Mon,2.29,67251,22%,249998821,,Panacea,Wakulla,Panacea,FL,32346,South,lxbrown,CGM5~z:
32,893212,Amy,B,Howard,3,6,Amy Howard,James Howard,8036133168,amy.howard@aol.com,y,"Kline,Kline Pin Code: 29814",32,"insert into student_school values(32,893212,3,6,'Amy Howard','James Howard',8036133168,'amy.howard@aol.com','y','Kline,Kline Pin Code: 29814')",52,###############################################################################################################################################################################################################################################################,Q2,H1,2003,,June,Jun,1,Sunday,Sun,14.17,112715,30%,686242843,,Kline,Kline,Kline,SC,29814,South,abhoward,tNo::TEG
33,621833,Gregory,X,Edwards,3,7,Gregory Edwards,Jose Edwards,5032569654,gregory.edwards@outlook.com,y,"Bonanza,Bonanza Pin Code: 97623",33,"insert into student_school values(33,621833,3,7,'Gregory Edwards','Jose Edwards',5032569654,'gregory.edwards@outlook.com','y','Bonanza,Bonanza Pin Code: 97623')",64,9/30/2015,Q3,H2,2015,,September,Sep,30,Wednesday,Wed,1.83,169245,22%,10946817,,Bonanza,Klamath,Bonanza,OR,97623,West,gxedwards,V^sVy*MO{
34,456747,Roy,Z,Griffin,3,8,Roy Griffin,Benjamin Griffin,2195069378,roy.griffin@yahoo.com,y,"Liberty,Liberty Pin Code: 47353",34,"insert into student_school values(34,456747,3,8,'Roy Griffin','Benjamin Griffin',2195069378,'roy.griffin@yahoo.com','y','Liberty,Liberty Pin Code: 47353')",62,8/23/2012,Q3,H2,2012,,August,Aug,23,Thursday,Thu,4.93,170895,19%,358087660,,Liberty,Union,Liberty,IN,47353,Midwest,rzgriffin,qm&h<b.NsKaZ
35,278556,Richard,Y,Mitchell,3,9,Richard Mitchell,Peter Mitchell,2056215884,richard.mitchell@verizon.net,y,"Ohatchee,Ohatchee Pin Code: 36271",35,"insert into student_school values(35,278556,3,9,'Richard Mitchell','Peter Mitchell',2056215884,'richard.mitchell@verizon.net','y','Ohatchee,Ohatchee Pin Code: 36271')",81,8/18/2016,Q3,H2,2016,,August,Aug,18,Thursday,Thu,0.94,122226,14%,13945886,,Ohatchee,Calhoun,Ohatchee,AL,36271,South,rymitchell,RWeXJPOi:KpX<Rn
36,333476,Mary,P,Wilson,3,10,Mary Wilson,Robert Wilson,4239378660,mary.wilson@sbcglobal.net,y,"Nashville,Nashville Pin Code: 37219",36,"insert into student_school values(36,333476,3,10,'Mary Wilson','Robert Wilson',4239378660,'mary.wilson@sbcglobal.net','y','Nashville,Nashville Pin Code: 37219')",54,12/22/1991,Q4,H2,1991,,December,Dec,22,Sunday,Sun,25.62,109394,16%,198840652,,Nashville,Davidson,Nashville,TN,37219,South,mpwilson,Pwl&W:|<_
37,218791,Aaron,N,Price,3,11,Aaron Price,Michael Price,2192878926,aaron.price@bp.com,y,"Eckerty,Eckerty Pin Code: 47116",37,"insert into student_school values(37,218791,3,11,'Aaron Price','Michael Price',2192878926,'aaron.price@bp.com','y','Eckerty,Eckerty Pin Code: 47116')",56,###############################################################################################################################################################################################################################################################,Q3,H2,1997,,July,Jul,3,Thursday,Thu,20.08,54402,0%,491295152,,Eckerty,Crawford,Eckerty,IN,47116,Midwest,anprice,uKxgV4uO&k@
38,134841,Donna,R,Brown,3,12,Donna Brown,Adam Brown,2124347910,donna.brown@aol.com,y,"Lima,Lima Pin Code: 14485",38,"insert into student_school values(38,134841,3,12,'Donna Brown','Adam Brown',2124347910,'donna.brown@aol.com','y','Lima,Lima Pin Code: 14485')",57,7/17/2013,Q3,H2,2013,,July,Jul,17,Wednesday,Wed,4.03,129836,8%,544815182,,Lima,Livingston,Lima,NY,14485,Northeast,drbrown,u?%QOo2ykK
39,726264,Carl,N,Collins,3,13,Carl Collins,Gerald Collins,4797407633,carl.collins@yahoo.com,y,"Wright,Wright Pin Code: 72182",39,"insert into student_school values(39,726264,3,13,'Carl Collins','Gerald Collins',4797407633,'carl.collins@yahoo.com','y','Wright,Wright Pin Code: 72182')",90,###############################################################################################################################################################################################################################################################,Q2,H1,2007,,June,Jun,9,Saturday,Sat,10.14,162159,7%,544816171,,Wright,Jefferson,Wright,AR,72182,South,cncollins,XinULSmjAFL/
40,766610,Joyce,E,Jenkins,4,1,Joyce Jenkins,Edward Jenkins,2624554187,joyce.jenkins@aol.com,y,"Ellsworth,Ellsworth Pin Code: 54011",40,"insert into student_school values(40,766610,4,1,'Joyce Jenkins','Edward Jenkins',2624554187,'joyce.jenkins@aol.com','y','Ellsworth,Ellsworth Pin Code: 54011')",44,5/14/2010,Q2,H1,2010,,May,May,14,Friday,Fri,7.21,119321,13%,695166506,,Ellsworth,Pierce,Ellsworth,WI,54011,Midwest,jejenkins,C5/iW3Ry#o{~elV
41,923947,Mary,G,Bryant,4,2,Mary Bryant,Joshua Bryant,3198273516,mary.bryant@verizon.net,y,"Conroy,Conroy Pin Code: 52220",41,"insert into student_school values(41,923947,4,2,'Mary Bryant','Joshua Bryant',3198273516,'mary.bryant@verizon.net','y','Conroy,Conroy Pin Code: 52220')",45,5/20/2004,Q2,H1,2004,,May,May,20,Thursday,Thu,13.2,155442,4%,491297461,,Conroy,Iowa,Conroy,IA,52220,Midwest,mgbryant,A[iR?Z1{
42,227922,Amanda,M,Hughes,4,3,Amanda Hughes,Roy Hughes,2255449700,amanda.hughes@rediffmail.com,y,"Lake Charles,Lake Charles Pin Code: 70605",42,"insert into student_school values(42,227922,4,3,'Amanda Hughes','Roy Hughes',2255449700,'amanda.hughes@rediffmail.com','y','Lake Charles,Lake Charles Pin Code: 70605')",40,4/19/2007,Q2,H1,2007,,April,Apr,19,Thursday,Thu,10.28,114257,22%,311352540,,Lake Charles,Calcasieu,Lake Charles,LA,70605,South,amhughes,B2N>J{_k7]F
43,265813,Jack,E,Campbell,4,4,Jack Campbell,Philip Campbell,3164995737,jack.campbell@gmail.com,y,"Kalvesta,Kalvesta Pin Code: 67856",43,"insert into student_school values(43,265813,4,4,'Jack Campbell','Philip Campbell',3164995737,'jack.campbell@gmail.com','y','Kalvesta,Kalvesta Pin Code: 67856')",50,7/29/2007,Q3,H2,2007,,July,Jul,29,Sunday,Sun,10.01,186280,23%,47151537,,Kalvesta,Kalvesta,Kalvesta,KS,67856,Midwest,jecampbell,rh\N>WRr4hl~l
44,247137,Alan,E,Rivera,4,5,Alan Rivera,Bobby Rivera,4232776819,alan.rivera@apple.com,y,"Knoxville,Knoxville Pin Code: 37901",44,"insert into student_school values(44,247137,4,5,'Alan Rivera','Bobby Rivera',4232776819,'alan.rivera@apple.com','y','Knoxville,Knoxville Pin Code: 37901')",80,###############################################################################################################################################################################################################################################################,Q2,H1,2006,,June,Jun,7,Wednesday,Wed,11.15,154810,12%,399317149,,Knoxville,Knox,Knoxville,TN,37901,South,aerivera,rSuD~3HS*{S
45,407061,Elizabeth,Q,Jackson,4,6,Elizabeth Jackson,Scott Jackson,6035686118,elizabeth.jackson@aol.com,y,"Rochester,Rochester Pin Code: 3867",45,"insert into student_school values(45,407061,4,6,'Elizabeth Jackson','Scott Jackson',6035686118,'elizabeth.jackson@aol.com','y','Rochester,Rochester Pin Code: 3867')",56,1/19/2005,Q1,H1,2005,,January,Jan,19,Wednesday,Wed,12.53,85420,24%,660244434,,Rochester,Strafford,Rochester,NH,3867,Northeast,eqjackson,EAHcnWsf6xMRwr]
46,226714,Nancy,L,Davis,4,7,Nancy Davis,Bruce Davis,2196103067,nancy.davis@ibm.com,y,"Bowling Green,Bowling Green Pin Code: 47833",46,"insert into student_school values(46,226714,4,7,'Nancy Davis','Bruce Davis',2196103067,'nancy.davis@ibm.com','y','Bowling Green,Bowling Green Pin Code: 47833')",52,8/25/2012,Q3,H2,2012,,August,Aug,25,Saturday,Sat,4.93,94986,11%,224995928,,Bowling Green,Clay,Bowling Green,IN,47833,Midwest,nldavis,bvKfTutT?0*pm
47,702813,Ernest,D,Martinez,4,8,Ernest Martinez,Ryan Martinez,4799514138,ernest.martinez@gmail.com,y,"Uniontown,Uniontown Pin Code: 72955",47,"insert into student_school values(47,702813,4,8,'Ernest Martinez','Ryan Martinez',4799514138,'ernest.martinez@gmail.com','y','Uniontown,Uniontown Pin Code: 72955')",53,1/24/2016,Q1,H1,2016,,January,Jan,24,Sunday,Sun,1.51,172098,8%,672487749,,Uniontown,Crawford,Uniontown,AR,72955,South,edmartinez,qe?JNGBY{[\7;dD
48,524896,Judy,Y,Hernandez,4,9,Judy Hernandez,Fred Hernandez,3167366126,judy.hernandez@gmail.com,y,"Topeka,Topeka Pin Code: 66606",48,"insert into student_school values(48,524896,4,9,'Judy Hernandez','Fred Hernandez',3167366126,'judy.hernandez@gmail.com','y','Topeka,Topeka Pin Code: 66606')",40,12/27/2011,Q4,H2,2011,,December,Dec,27,Tuesday,Tue,5.59,133332,30%,534714481,,Topeka,Shawnee,Topeka,KS,66606,Midwest,jyhernandez,kiB:v!j&?D!&NYY
49,363065,Nancy,L,Jones,4,10,Nancy Jones,Eugene Jones,2128251930,nancy.jones@gmail.com,y,"New York City,New York City Pin Code: 10087",49,"insert into student_school values(49,363065,4,10,'Nancy Jones','Eugene Jones',2128251930,'nancy.jones@gmail.com','y','New York City,New York City Pin Code: 10087')",60,10/16/2015,Q4,H2,2015,,October,Oct,16,Friday,Fri,1.78,61924,4%,681243165,,New York City,New York,New York City,NY,10087,Northeast,nljones,J}HJq/zVFAq2
50,879753,Pamela,X,Wright,4,11,Pamela Wright,Terry Wright,3073298832,pamela.wright@aol.com,y,"Banner,Banner Pin Code: 82832",50,"insert into student_school values(50,879753,4,11,'Pamela Wright','Terry Wright',3073298832,'pamela.wright@aol.com','y','Banner,Banner Pin Code: 82832')",47,###############################################################################################################################################################################################################################################################,Q2,H1,2017,,June,Jun,9,Friday,Fri,0.13,149262,9%,459999201,,Banner,Sheridan,Banner,WY,82832,West,pxwright,3a*&[Y^pV\0!rU
51,958326,Larry,T,Miller,4,12,Larry Miller,Russell Miller,2175749283,larry.miller@shell.com,y,"East Saint Louis,East Saint Louis Pin Code: 62201",51,"insert into student_school values(51,958326,4,12,'Larry Miller','Russell Miller',2175749283,'larry.miller@shell.com','y','East Saint Louis,East Saint Louis Pin Code: 62201')",75,2/22/2017,Q1,H1,2017,,February,Feb,22,Wednesday,Wed,0.43,97904,20%,207849482,,East Saint Louis,St. Clair,East Saint Louis,IL,62201,Midwest,ltmiller,2WgF#:ew**x#
52,447813,Ann,Q,Coleman,4,13,Ann Coleman,Harold Coleman,3199944179,ann.coleman@ibm.com,y,"Hancock,Hancock Pin Code: 51536",52,"insert into student_school values(52,447813,4,13,'Ann Coleman','Harold Coleman',3199944179,'ann.coleman@ibm.com','y','Hancock,Hancock Pin Code: 51536')",41,11/19/2013,Q4,H2,2013,,November,Nov,19,Tuesday,Tue,3.69,130014,12%,27920557,,Hancock,Pottawattamie,Hancock,IA,51536,Midwest,aqcoleman,g2]GlvlL5
53,525955,Judy,C,Gonzales,5,1,Judy Gonzales,Kevin Gonzales,2016408645,judy.gonzales@gmail.com,y,"Eatontown,Eatontown Pin Code: 7724",53,"insert into student_school values(53,525955,5,1,'Judy Gonzales','Kevin Gonzales',2016408645,'judy.gonzales@gmail.com','y','Eatontown,Eatontown Pin Code: 7724')",51,30-06-4725,Q1,H1,1992,,January,Jan,3,Friday,Fri,25.58,149575,9%,29922155,,Eatontown,Monmouth,Eatontown,NJ,7724,Northeast,jcgonzales,yDl}pfaWs{Hro6
54,818384,Peter,X,Washington,5,2,Peter Washington,Douglas Washington,2313220316,peter.washington@bp.com,y,"Portage,Portage Pin Code: 49024",54,"insert into student_school values(54,818384,5,2,'Peter Washington','Douglas Washington',2313220316,'peter.washington@bp.com','y','Portage,Portage Pin Code: 49024')",70,11/29/2009,Q4,H2,2009,,November,Nov,29,Sunday,Sun,7.67,173226,27%,39748867,,Portage,Kalamazoo,Portage,MI,49024,Midwest,pxwashington,97%d^2rk41!E>*Q
55,971640,Clarence,A,Ross,5,3,Clarence Ross,Arthur Ross,4237720118,clarence.ross@apple.com,y,"Oneida,Oneida Pin Code: 37841",55,"insert into student_school values(55,971640,5,3,'Clarence Ross','Arthur Ross',4237720118,'clarence.ross@apple.com','y','Oneida,Oneida Pin Code: 37841')",64,12/31/2008,Q4,H2,2008,,December,Dec,31,Wednesday,Wed,8.58,165272,9%,372375315,,Oneida,Scott,Oneida,TN,37841,South,caross,h&jmac@+QD?B
56,253573,Sharon,E,Lopez,5,4,Sharon Lopez,Daniel Lopez,3049345548,sharon.lopez@gmail.com,y,"Bartley,Bartley Pin Code: 24813",56,"insert into student_school values(56,253573,5,4,'Sharon Lopez','Daniel Lopez',3049345548,'sharon.lopez@gmail.com','y','Bartley,Bartley Pin Code: 24813')",43,###############################################################################################################################################################################################################################################################,Q1,H1,2014,,March,Mar,7,Friday,Fri,3.39,190139,21%,64022589,,Bartley,McDowell,Bartley,WV,24813,South,selopez,GsP~S?FYY
57,904898,Ann,Q,Cooper,5,5,Ann Cooper,Harold Cooper,4062786460,ann.cooper@exxonmobil.com,y,"Arlee,Arlee Pin Code: 59821",57,"insert into student_school values(57,904898,5,5,'Ann Cooper','Harold Cooper',4062786460,'ann.cooper@exxonmobil.com','y','Arlee,Arlee Pin Code: 59821')",44,2/15/2017,Q1,H1,2017,,February,Feb,15,Wednesday,Wed,0.45,182521,30%,219896310,,Arlee,Lake,Arlee,MT,59821,West,aqcooper,i_^#>]tFpt
58,515103,Anne,A,Perez,5,6,Anne Perez,Douglas Perez,4238373338,anne.perez@sbcglobal.net,y,"Cookeville,Cookeville Pin Code: 38505",58,"insert into student_school values(58,515103,5,6,'Anne Perez','Douglas Perez',4238373338,'anne.perez@sbcglobal.net','y','Cookeville,Cookeville Pin Code: 38505')",48,7/28/2003,Q3,H2,2003,,July,Jul,28,Monday,Mon,14.01,114426,9%,594999091,,Cookeville,Putnam,Cookeville,TN,38505,South,aaperez,y;n9A#}b
59,491943,Nancy,P,Howard,5,7,Nancy Howard,Gregory Howard,2369738086,nancy.howard@gmail.com,y,"Saxe,Saxe Pin Code: 23967",59,"insert into student_school values(59,491943,5,7,'Nancy Howard','Gregory Howard',2369738086,'nancy.howard@gmail.com','y','Saxe,Saxe Pin Code: 23967')",45,23-07-7545,Q1,H1,1999,,February,Feb,6,Saturday,Sat,18.48,101553,25%,35742732,,Saxe,Charlotte,Saxe,VA,23967,South,nphoward,OC\&tG&?c
60,750173,Antonio,R,Roberts,5,8,Antonio Roberts,Timothy Roberts,2052677304,antonio.roberts@hotmail.com,y,"Mc Calla,Mc Calla Pin Code: 35111",60,"insert into student_school values(60,750173,5,8,'Antonio Roberts','Timothy Roberts',2052677304,'antonio.roberts@hotmail.com','y','Mc Calla,Mc Calla Pin Code: 35111')",82,###############################################################################################################################################################################################################################################################,Q2,H1,2017,,May,May,1,Monday,Mon,0.24,181646,30%,281157944,,Mc Calla,Jefferson,Mc Calla,AL,35111,South,arroberts,h>.g!B:VcNN
61,687017,Frances,P,Watson,5,9,Frances Watson,Adam Watson,4065308069,frances.watson@outlook.com,y,"Trego,Trego Pin Code: 59934",61,"insert into student_school values(61,687017,5,9,'Frances Watson','Adam Watson',4065308069,'frances.watson@outlook.com','y','Trego,Trego Pin Code: 59934')",42,8/20/2010,Q3,H2,2010,,August,Aug,20,Friday,Fri,6.94,46945,22%,305371946,,Trego,Lincoln,Trego,MT,59934,West,fpwatson,rjV1$at!wq53a$
62,241882,Debra,G,Wood,5,10,Debra Wood,Martin Wood,3086466219,debra.wood@hotmail.com,y,"Blair,Blair Pin Code: 68009",62,"insert into student_school values(62,241882,5,10,'Debra Wood','Martin Wood',3086466219,'debra.wood@hotmail.com','y','Blair,Blair Pin Code: 68009')",54,22-02-4917,Q1,H1,1991,,January,Jan,10,Thursday,Thu,26.56,84318,19%,342116695,,Blair,Washington,Blair,NE,68009,Midwest,dgwood,iO8B@*yA*mG6b9o
63,758872,Henry,Y,Jenkins,5,11,Henry Jenkins,Albert Jenkins,3147317135,henry.jenkins@hotmail.com,y,"Riverside,Riverside Pin Code: 64150",63,"insert into student_school values(63,758872,5,11,'Henry Jenkins','Albert Jenkins',3147317135,'henry.jenkins@hotmail.com','y','Riverside,Riverside Pin Code: 64150')",70,6/21/2017,Q2,H1,2017,,June,Jun,21,Wednesday,Wed,0.1,102384,11%,499293125,,Riverside,Platte,Riverside,MO,64150,Midwest,hyjenkins,zPnRU5Bo
64,940922,Melissa,X,Butler,5,12,Melissa Butler,Robert Butler,3088279016,melissa.butler@hotmail.com,y,"Maxwell,Maxwell Pin Code: 69151",64,"insert into student_school values(64,940922,5,12,'Melissa Butler','Robert Butler',3088279016,'melissa.butler@hotmail.com','y','Maxwell,Maxwell Pin Code: 69151')",55,25-03-7518,Q1,H1,2017,,February,Feb,5,Sunday,Sun,0.47,167631,30%,301159149,,Maxwell,Lincoln,Maxwell,NE,69151,Midwest,mxbutler,hY3BqUR>6F
65,917937,Todd,H,Hall,5,13,Todd Hall,Thomas Hall,2405138668,todd.hall@yahoo.com,y,"Randallstown,Randallstown Pin Code: 21133",65,"insert into student_school values(65,917937,5,13,'Todd Hall','Thomas Hall',2405138668,'todd.hall@yahoo.com','y','Randallstown,Randallstown Pin Code: 21133')",74,###############################################################################################################################################################################################################################################################,Q2,H1,2016,,May,May,8,Sunday,Sun,1.22,163560,0%,633311781,,Randallstown,Baltimore,Randallstown,MD,21133,South,thhall,Lgdb8q<0L@/
66,917395,Christopher,D,Nelson,6,1,Christopher Nelson,Jeffrey Nelson,4809469780,christopher.nelson@aol.com,y,"Willow Beach,Willow Beach Pin Code: 86445",66,"insert into student_school values(66,917395,6,1,'Christopher Nelson','Jeffrey Nelson',4809469780,'christopher.nelson@aol.com','y','Willow Beach,Willow Beach Pin Code: 86445')",62,###############################################################################################################################################################################################################################################################,Q4,H2,1997,,November,Nov,8,Saturday,Sat,19.73,190765,0%,120986155,,Willow Beach,Mohave,Willow Beach,AZ,86445,West,cdnelson,QKae{1EP1A[SeX
67,183071,Andrea,P,Garcia,6,2,Andrea Garcia,Mark Garcia,2196243708,andrea.garcia@aol.com,y,"Granger,Granger Pin Code: 46530",67,"insert into student_school values(67,183071,6,2,'Andrea Garcia','Mark Garcia',2196243708,'andrea.garcia@aol.com','y','Granger,Granger Pin Code: 46530')",52,4/18/2010,Q2,H1,2010,,April,Apr,18,Sunday,Sun,7.28,54179,25%,213916792,,Granger,St. Joseph,Granger,IN,46530,Midwest,apgarcia,eI!^kXR]Q^V+
68,316110,Jeremy,I,Sanchez,6,3,Jeremy Sanchez,Albert Sanchez,4239742755,jeremy.sanchez@hotmail.com,y,"Alcoa,Alcoa Pin Code: 37701",68,"insert into student_school values(68,316110,6,3,'Jeremy Sanchez','Albert Sanchez',4239742755,'jeremy.sanchez@hotmail.com','y','Alcoa,Alcoa Pin Code: 37701')",52,###############################################################################################################################################################################################################################################################,Q2,H1,2006,,April,Apr,2,Sunday,Sun,11.33,178847,1%,474558883,,Alcoa,Blount,Alcoa,TN,37701,South,jisanchez,Yg#Z+:CDwDV<*xZ
69,293459,Steven,J,Phillips,6,4,Steven Phillips,Jason Phillips,2259685952,steven.phillips@hotmail.com,y,"Baton Rouge,Baton Rouge Pin Code: 70833",69,"insert into student_school values(69,293459,6,4,'Steven Phillips','Jason Phillips',2259685952,'steven.phillips@hotmail.com','y','Baton Rouge,Baton Rouge Pin Code: 70833')",58,3/27/2015,Q1,H1,2015,,March,Mar,27,Friday,Fri,2.34,90108,24%,578539940,,Baton Rouge,East Baton Rouge,Baton Rouge,LA,70833,South,sjphillips,ht}X55$P&g1
70,732017,Cynthia,J,Ramirez,6,5,Cynthia Ramirez,Walter Ramirez,4069617340,cynthia.ramirez@btinternet.com,y,"Browning,Browning Pin Code: 59417",70,"insert into student_school values(70,732017,6,5,'Cynthia Ramirez','Walter Ramirez',4069617340,'cynthia.ramirez@btinternet.com','y','Browning,Browning Pin Code: 59417')",47,2/18/2009,Q1,H1,2009,,February,Feb,18,Wednesday,Wed,8.44,90531,2%,355084606,,Browning,Glacier,Browning,MT,59417,West,cjramirez,qP#AhuNuz*Wb]
71,915638,Jason,W,Anderson,6,6,Jason Anderson,Brandon Anderson,2178566752,jason.anderson@gmail.com,y,"Hudson,Hudson Pin Code: 61748",71,"insert into student_school values(71,915638,6,6,'Jason Anderson','Brandon Anderson',2178566752,'jason.anderson@gmail.com','y','Hudson,Hudson Pin Code: 61748')",57,9/21/1999,Q3,H2,1999,,September,Sep,21,Tuesday,Tue,17.86,76636,19%,48157937,,Hudson,McLean,Hudson,IL,61748,Midwest,jwanderson,a3Hlk+.V/TjD
72,478003,Cynthia,X,White,6,7,Cynthia White,Nicholas White,3145933092,cynthia.white@gmail.com,y,"Kansas City,Kansas City Pin Code: 64133",72,"insert into student_school values(72,478003,6,7,'Cynthia White','Nicholas White',3145933092,'cynthia.white@gmail.com','y','Kansas City,Kansas City Pin Code: 64133')",60,###############################################################################################################################################################################################################################################################,Q1,H1,2004,,March,Mar,4,Thursday,Thu,13.41,186200,30%,364394983,,Kansas City,Jackson,Kansas City,MO,64133,Midwest,cxwhite,mofyGR>.?Dwb4!
73,951225,Margaret,N,Brooks,6,8,Margaret Brooks,Johnny Brooks,3039600117,margaret.brooks@gmail.com,y,"Haswell,Haswell Pin Code: 81045",73,"insert into student_school values(73,951225,6,8,'Margaret Brooks','Johnny Brooks',3039600117,'margaret.brooks@gmail.com','y','Haswell,Haswell Pin Code: 81045')",56,8/26/2016,Q3,H2,2016,,August,Aug,26,Friday,Fri,0.92,43867,9%,57026958,,Haswell,Kiowa,Haswell,CO,81045,West,mnbrooks,0*2k8uW&:{i{
74,883936,Douglas,I,Flores,6,9,Douglas Flores,Justin Flores,3038364721,douglas.flores@gmail.com,y,"Eckert,Eckert Pin Code: 81418",74,"insert into student_school values(74,883936,6,9,'Douglas Flores','Justin Flores',3038364721,'douglas.flores@gmail.com','y','Eckert,Eckert Pin Code: 81418')",61,###############################################################################################################################################################################################################################################################,Q3,H2,2009,,September,Sep,10,Thursday,Thu,7.88,181793,20%,324116837,,Eckert,Delta,Eckert,CO,81418,West,diflores,9||FLq|0tU|9>v
75,528673,Paul,V,Watson,6,10,Paul Watson,Carl Watson,2705567711,paul.watson@hotmail.com,y,"Blue River,Blue River Pin Code: 41607",75,"insert into student_school values(75,528673,6,10,'Paul Watson','Carl Watson',2705567711,'paul.watson@hotmail.com','y','Blue River,Blue River Pin Code: 41607')",60,6/26/1995,Q2,H1,1995,,June,Jun,26,Monday,Mon,22.1,145235,15%,286159671,,Blue River,Floyd,Blue River,KY,41607,South,pvwatson,7q{iHhbgWZ7%
76,765850,Linda,R,Moore,6,11,Linda Moore,Howard Moore,2157937095,linda.moore@gmail.com,y,"Albion,Albion Pin Code: 16401",76,"insert into student_school values(76,765850,6,11,'Linda Moore','Howard Moore',2157937095,'linda.moore@gmail.com','y','Albion,Albion Pin Code: 16401')",40,5/15/2017,Q2,H1,2017,,May,May,15,Monday,Mon,0.2,113256,18%,286155442,,Albion,Erie,Albion,PA,16401,Northeast,lrmoore,0jj}jl_r/VmJ;
77,262382,Cheryl,O,Miller,6,12,Cheryl Miller,Gerald Miller,2708803858,cheryl.miller@ntlworld.com,y,"Bays,Bays Pin Code: 41310",77,"insert into student_school values(77,262382,6,12,'Cheryl Miller','Gerald Miller',2708803858,'cheryl.miller@ntlworld.com','y','Bays,Bays Pin Code: 41310')",48,7/30/2007,Q3,H2,2007,,July,Jul,30,Monday,Mon,10,64143,3%,287154772,,Bays,Breathitt,Bays,KY,41310,South,comiller,Nrt/.^cWBO
78,870820,Martha,G,Washington,6,13,Martha Washington,Todd Washington,4059450242,martha.washington@aol.com,y,"Nardin,Nardin Pin Code: 74646",78,"insert into student_school values(78,870820,6,13,'Martha Washington','Todd Washington',4059450242,'martha.washington@aol.com','y','Nardin,Nardin Pin Code: 74646')",54,###############################################################################################################################################################################################################################################################,Q1,H1,2017,,March,Mar,3,Friday,Fri,0.4,116629,25%,416670297,,Nardin,Kay,Nardin,OK,74646,South,mgwashington,ju$7I]eH8{
79,806955,William,G,Hernandez,7,1,William Hernandez,Peter Hernandez,2392760532,william.hernandez@rediffmail.com,y,"Mary Esther,Mary Esther Pin Code: 32569",79,"insert into student_school values(79,806955,7,1,'William Hernandez','Peter Hernandez',2392760532,'william.hernandez@rediffmail.com','y','Mary Esther,Mary Esther Pin Code: 32569')",50,3/21/2000,Q1,H1,2000,,March,Mar,21,Tuesday,Tue,17.36,73734,22%,629319010,,Mary Esther,Okaloosa,Mary Esther,FL,32569,South,wghernandez,BRB3DFywgZZ4
80,325319,Carolyn,F,Price,7,2,Carolyn Price,Kevin Price,2174094338,carolyn.price@yahoo.com,y,"Wheaton,Wheaton Pin Code: 60189",80,"insert into student_school values(80,325319,7,2,'Carolyn Price','Kevin Price',2174094338,'carolyn.price@yahoo.com','y','Wheaton,Wheaton Pin Code: 60189')",60,###############################################################################################################################################################################################################################################################,Q4,H2,2014,,November,Nov,5,Wednesday,Wed,2.73,48736,2%,512333410,,Wheaton,DuPage,Wheaton,IL,60189,Midwest,cfprice,K*$u@MAoH
81,623253,Ruby,Q,Stewart,7,3,Ruby Stewart,Paul Stewart,2184452369,ruby.stewart@gmail.com,y,"Margie,Margie Pin Code: 56658",81,"insert into student_school values(81,623253,7,3,'Ruby Stewart','Paul Stewart',2184452369,'ruby.stewart@gmail.com','y','Margie,Margie Pin Code: 56658')",48,###############################################################################################################################################################################################################################################################,Q3,H2,2017,,July,Jul,2,Sunday,Sun,0.07,174774,7%,7111727,,Margie,Koochiching,Margie,MN,56658,Midwest,rqstewart,C\RjCUPJd[Ld]
82,225925,Paul,D,Cooper,7,4,Paul Cooper,Nicholas Cooper,2109844722,paul.cooper@gmail.com,y,"Glidden,Glidden Pin Code: 78943",82,"insert into student_school values(82,225925,7,4,'Paul Cooper','Nicholas Cooper',2109844722,'paul.cooper@gmail.com','y','Glidden,Glidden Pin Code: 78943')",68,###############################################################################################################################################################################################################################################################,Q3,H2,2014,,September,Sep,8,Monday,Mon,2.89,73526,27%,613870084,,Glidden,Colorado,Glidden,TX,78943,South,pdcooper,hW%ZbJ\fZ
83,761821,Ernest,G,Washington,7,5,Ernest Washington,Johnny Washington,2125961659,ernest.washington@msn.com,y,"Saranac Lake,Saranac Lake Pin Code: 12983",83,"insert into student_school values(83,761821,7,5,'Ernest Washington','Johnny Washington',2125961659,'ernest.washington@msn.com','y','Saranac Lake,Saranac Lake Pin Code: 12983')",87,1/31/2015,Q1,H1,2015,,January,Jan,31,Saturday,Sat,2.49,176675,15%,178861878,,Saranac Lake,Franklin,Saranac Lake,NY,12983,Northeast,egwashington,B\Wb^6W
84,400173,Dorothy,K,Edwards,7,6,Dorothy Edwards,Dennis Edwards,2159026888,dorothy.edwards@hotmail.co.uk,y,"Philadelphia,Philadelphia Pin Code: 19132",84,"insert into student_school values(84,400173,7,6,'Dorothy Edwards','Dennis Edwards',2159026888,'dorothy.edwards@hotmail.co.uk','y','Philadelphia,Philadelphia Pin Code: 19132')",57,12/31/2013,Q4,H2,2013,,December,Dec,31,Tuesday,Tue,3.58,179017,1%,543812192,,Philadelphia,Philadelphia,Philadelphia,PA,19132,Northeast,dkedwards,VWEIm3YKm65|D
85,802554,Ryan,V,Alexander,7,7,Ryan Alexander,William Alexander,2253953347,ryan.alexander@shell.com,y,"Jarreau,Jarreau Pin Code: 70749",85,"insert into student_school values(85,802554,7,7,'Ryan Alexander','William Alexander',2253953347,'ryan.alexander@shell.com','y','Jarreau,Jarreau Pin Code: 70749')",65,8/31/2014,Q3,H2,2014,,August,Aug,31,Sunday,Sun,2.91,106628,24%,17947572,,Jarreau,Pointe Coupee,Jarreau,LA,70749,South,rvalexander,3N3]VFZx?MaC{
86,476433,Lillian,N,Mitchell,7,8,Lillian Mitchell,Harry Mitchell,3168761484,lillian.mitchell@shaw.ca,y,"Wichita,Wichita Pin Code: 67214",86,"insert into student_school values(86,476433,7,8,'Lillian Mitchell','Harry Mitchell',3168761484,'lillian.mitchell@shaw.ca','y','Wichita,Wichita Pin Code: 67214')",55,###############################################################################################################################################################################################################################################################,Q4,H2,1999,,December,Dec,7,Tuesday,Tue,17.65,149878,3%,505593960,,Wichita,Sedgwick,Wichita,KS,67214,Midwest,lnmitchell,Ty/b@+;f
87,533952,Kelly,R,Adams,7,9,Kelly Adams,Eric Adams,4054180037,kelly.adams@bp.com,y,"Meno,Meno Pin Code: 73760",87,"insert into student_school values(87,533952,7,9,'Kelly Adams','Eric Adams',4054180037,'kelly.adams@bp.com','y','Meno,Meno Pin Code: 73760')",53,###############################################################################################################################################################################################################################################################,Q3,H2,2013,,July,Jul,4,Thursday,Thu,4.07,51878,15%,474558101,,Meno,Major,Meno,OK,73760,South,kradams,OfK?#J|7&W\1T
88,623929,Jimmy,R,Howard,7,10,Jimmy Howard,Nicholas Howard,2128559316,jimmy.howard@yahoo.com,y,"Oriskany,Oriskany Pin Code: 13424",88,"insert into student_school values(88,623929,7,10,'Jimmy Howard','Nicholas Howard',2128559316,'jimmy.howard@yahoo.com','y','Oriskany,Oriskany Pin Code: 13424')",87,###############################################################################################################################################################################################################################################################,Q4,H2,2007,,December,Dec,12,Wednesday,Wed,9.63,120631,13%,610870251,,Oriskany,Oneida,Oriskany,NY,13424,Northeast,jrhoward,0v+|SfA0Xv+Pf%
89,844177,Margaret,T,Allen,7,11,Margaret Allen,Michael Allen,2166976987,margaret.allen@gmail.com,y,"Richmond Dale,Richmond Dale Pin Code: 45673",89,"insert into student_school values(89,844177,7,11,'Margaret Allen','Michael Allen',2166976987,'margaret.allen@gmail.com','y','Richmond Dale,Richmond Dale Pin Code: 45673')",43,5/17/2013,Q2,H1,2013,,May,May,17,Friday,Fri,4.2,180107,22%,137258468,,Richmond Dale,Ross,Richmond Dale,OH,45673,Midwest,mtallen,oC1OHlW%Sk@%6
90,212893,Janet,Y,Henderson,7,12,Janet Henderson,Jerry Henderson,2397696347,janet.henderson@ntlworld.com,y,"Miami,Miami Pin Code: 33166",90,"insert into student_school values(90,212893,7,12,'Janet Henderson','Jerry Henderson',2397696347,'janet.henderson@ntlworld.com','y','Miami,Miami Pin Code: 33166')",60,12/18/2012,Q4,H2,2012,,December,Dec,18,Tuesday,Tue,4.61,114481,5%,18947340,,Miami,MiamiDade,Miami,FL,33166,South,jyhenderson,goCsL/za
91,185032,Eugene,D,Perez,7,13,Eugene Perez,Jimmy Perez,2624727112,eugene.perez@exxonmobil.com,y,"Racine,Racine Pin Code: 53490",91,"insert into student_school values(91,185032,7,13,'Eugene Perez','Jimmy Perez',2624727112,'eugene.perez@exxonmobil.com','y','Racine,Racine Pin Code: 53490')",59,###############################################################################################################################################################################################################################################################,Q4,H2,2014,,December,Dec,8,Monday,Mon,2.64,122950,26%,192866418,,Racine,Racine,Racine,WI,53490,Midwest,edperez,g]SJn<W_/#
92,867084,Deborah,E,Smith,8,1,Deborah Smith,Richard Smith,9072798694,deborah.smith@yahoo.com,y,"Atqasuk,Atqasuk Pin Code: 99791",92,"insert into student_school values(92,867084,8,1,'Deborah Smith','Richard Smith',9072798694,'deborah.smith@yahoo.com','y','Atqasuk,Atqasuk Pin Code: 99791')",54,###############################################################################################################################################################################################################################################################,Q1,H1,2002,,March,Mar,4,Monday,Mon,15.41,52767,28%,173866203,,Atqasuk,North Slope,Atqasuk,AK,99791,West,desmith,C[WxHsB9
93,969964,Janice,S,Parker,8,2,Janice Parker,Paul Parker,3148425984,janice.parker@yahoo.com,y,"Whiteman Air Force Base,Whiteman Air Force Base Pin Code: 65305",93,"insert into student_school values(93,969964,8,2,'Janice Parker','Paul Parker',3148425984,'janice.parker@yahoo.com','y','Whiteman Air Force Base,Whiteman Air Force Base Pin Code: 65305')",56,8/23/2016,Q3,H2,2016,,August,Aug,23,Tuesday,Tue,0.93,147641,25%,733261976,,Whiteman Air Force Base,Johnson,Whiteman Air Force Base,MO,65305,Midwest,jsparker,8wUbWmuib
94,158666,Rebecca,A,Stewart,8,3,Rebecca Stewart,Roger Stewart,2092337631,rebecca.stewart@gmail.com,y,"Independence,Independence Pin Code: 93526",94,"insert into student_school values(94,158666,8,3,'Rebecca Stewart','Roger Stewart',2092337631,'rebecca.stewart@gmail.com','y','Independence,Independence Pin Code: 93526')",55,###############################################################################################################################################################################################################################################################,Q2,H1,1983,,April,Apr,10,Sunday,Sun,34.32,160043,9%,202848294,,Independence,Inyo,Independence,CA,93526,West,rastewart,7ONuh3Zi^z#32r
95,489424,Phillip,F,White,8,4,Phillip White,Harold White,5036686592,phillip.white@gmail.com,y,"Mapleton,Mapleton Pin Code: 97453",95,"insert into student_school values(95,489424,8,4,'Phillip White','Harold White',5036686592,'phillip.white@gmail.com','y','Mapleton,Mapleton Pin Code: 97453')",82,26-04-4780,Q1,H1,2016,,January,Jan,5,Tuesday,Tue,1.56,181774,7%,447279469,,Mapleton,Lane,Mapleton,OR,97453,West,pfwhite,8<Mc.5]eu.*C8.
96,639892,Jose,K,Hill,8,5,Jose Hill,Carlos Hill,2282455000,jose.hill@hotmail.com,y,"Biloxi,Biloxi Pin Code: 39532",96,"insert into student_school values(96,639892,8,5,'Jose Hill','Carlos Hill',2282455000,'jose.hill@hotmail.com','y','Biloxi,Biloxi Pin Code: 39532')",89,###############################################################################################################################################################################################################################################################,Q3,H2,2016,,July,Jul,9,Saturday,Sat,1.05,129774,15%,171863825,,Biloxi,Harrison,Biloxi,MS,39532,South,jkhill,a_!SKb6h3?w*Mad
97,704709,Harold,Z,Nelson,8,6,Harold Nelson,Richard Nelson,2175559216,harold.nelson@gmail.com,y,"Carol Stream,Carol Stream Pin Code: 60351",97,"insert into student_school values(97,704709,8,6,'Harold Nelson','Richard Nelson',2175559216,'harold.nelson@gmail.com','y','Carol Stream,Carol Stream Pin Code: 60351')",77,8/23/2011,Q3,H2,2011,,August,Aug,23,Tuesday,Tue,5.93,156194,0%,456992066,,Carol Stream,Carol Stream,Carol Stream,IL,60351,Midwest,hznelson,z/hEz3&^q5
98,461593,Nicole,O,Ward,8,7,Nicole Ward,Ralph Ward,2317617861,nicole.ward@yahoo.com,y,"Detroit,Detroit Pin Code: 48278",98,"insert into student_school values(98,461593,8,7,'Nicole Ward','Ralph Ward',2317617861,'nicole.ward@yahoo.com','y','Detroit,Detroit Pin Code: 48278')",60,1/23/1989,Q1,H1,1989,,January,Jan,23,Monday,Mon,28.53,95673,12%,196842551,,Detroit,Wayne,Detroit,MI,48278,Midwest,noward,AUe6s0@:@]A3Ze
99,392491,Theresa,R,Murphy,8,8,Theresa Murphy,George Murphy,9073561555,theresa.murphy@gmail.com,y,"Mc Grath,Mc Grath Pin Code: 99627",99,"insert into student_school values(99,392491,8,8,'Theresa Murphy','George Murphy',9073561555,'theresa.murphy@gmail.com','y','Mc Grath,Mc Grath Pin Code: 99627')",57,###############################################################################################################################################################################################################################################################,Q3,H2,2010,,August,Aug,3,Tuesday,Tue,6.99,51015,11%,249998801,,Mc Grath,YukonKoyukuk (CA),Mc Grath,AK,99627,West,trmurphy,V]PGw>4h9
100,495141,Tammy,B,Young,8,9,Tammy Young,Andrew Young,2312903075,tammy.young@comcast.net,y,"Alma,Alma Pin Code: 48801",100,"insert into student_school values(100,495141,8,9,'Tammy Young','Andrew Young',2312903075,'tammy.young@comcast.net','y','Alma,Alma Pin Code: 48801')",55,4/25/2015,Q2,H1,2015,,April,Apr,25,Saturday,Sat,2.26,93650,7%,771027046,,Alma,Gratiot,Alma,MI,48801,Midwest,tbyoung,d6!&xu12A1H^i![
